{"cameraMode":{"drawMode":0,"name":"Shaded","section":"Shading Mode"},"sceneLighting":true,"audioPlay":false,"sceneViewState":{"m_AlwaysRefresh":false,"showFog":true,"showSkybox":true,"showFlares":true,"showImageEffects":true,"showParticleSystems":true,"showVisualEffectGraphs":true,"m_FxEnabled":true},"in2DMode":false,"pivot":{"x":0.5408221483230591,"y":0.49422019720077517,"z":0.423556923866272},"rotation":{"x":-0.18383556604385377,"y":0.3852710723876953,"z":-0.07866627722978592,"w":-0.900926411151886},"size":1.5202299356460572,"orthographic":false}