{"cameraMode":{"drawMode":0,"name":"Shaded","section":"Shading Mode"},"sceneLighting":true,"audioPlay":false,"sceneViewState":{"m_AlwaysRefresh":false,"showFog":true,"showSkybox":true,"showFlares":true,"showImageEffects":true,"showParticleSystems":true,"showVisualEffectGraphs":true,"m_FxEnabled":true},"in2DMode":false,"pivot":{"x":0.19178837537765504,"y":0.5038056373596191,"z":0.09679985046386719},"rotation":{"x":0.01497542392462492,"y":-0.9847520589828491,"z":0.13556461036205293,"w":0.10852451622486115},"size":2.640047311782837,"orthographic":false}